strain,mean_stress_MPa,std_stress_MPa,n
0.0,0.0005053642799894294,0.00047974828019727614,3
0.0013350649556983611,-0.00012931812979723853,0.00030223650570291704,3
0.0026701299113967222,-0.000598467584025252,0.00045660820390810053,3
0.004005194867095083,-0.00032140486098043746,0.00015845698467912108,3
0.0053402598227934445,-3.760382840472342e-05,0.0003567357745783212,3
0.006675324778491806,0.00029630144418374345,0.00034420640219999537,3
0.008010389734190167,0.0006303590080637767,0.0004350604471746425,3
0.009345454689888528,0.0005844143717463427,0.00019682513707806922,3
0.010680519645586889,0.0005357987552780129,0.00037755533578167385,3
0.01201558460128525,0.0005993511786317989,0.0005361807085568875,3
0.013350649556983611,0.0006755193450488634,0.0007097677954858084,3
0.014685714512681972,0.00045063073852837494,0.0007621423554708841,3
0.016020779468380333,0.0001594360092243101,0.0008267813106850227,3
0.017355844424078695,-3.731234387326991e-05,0.0006820744658320856,3
0.018690909379777056,-0.00020514991223298607,0.0005051418981027665,3
0.020025974335475417,-0.00025688230957599624,0.0004062271425524816,3
0.021361039291173778,-0.0002452768560509653,0.000378220415557348,3
0.02269610424687214,-0.00024490211674806995,0.000358556709908645,3
0.0240311692025705,-0.0002552397109689935,0.0004711707851218743,3
0.02536623415826886,-0.00015530564745706537,0.0003838647791517699,3
0.026701299113967222,6.158442691280061e-05,5.289149648999183e-05,3
0.028036364069665583,0.00016182063903764636,0.0001949229752377841,3
0.029371429025363945,7.614364453021344e-05,0.000232369635047388,3
0.030706493981062306,5.405999843911517e-05,0.0003600459092990096,3
0.03204155893676067,0.00016814453255841843,0.0004804210478479775,3
0.03337662389245903,0.00020200820583966776,0.0008794293500992782,3
0.03471168884815739,-4.789317194752247e-05,0.0007488702079152245,3
0.03604675380385575,-0.0002639671410728069,0.0007191864871569508,3
0.03738181875955411,-0.0002261126925853219,0.0006609990942173287,3
0.038716883715252476,-0.0001814625009630262,0.0007328037483214307,3
0.040051948670950833,0.00012197983064701124,0.0006488600549696421,3
0.04138701362664919,0.00042542216225704873,0.0007467112454744774,3
0.042722078582347556,0.00045640820478487916,0.0005773985702478529,3
0.04405714353804592,0.0004640140179897742,0.00048818731527379346,3
0.04539220849374428,0.0008021257043209143,0.0002679018833486122,3
0.046727273449442636,0.0012025790967789783,0.0001281141470109235,3
0.048062338405141,0.0010037054242390585,8.835204178624567e-05,3
0.049397403360839365,0.0006062866154486722,0.00041919448317657423,3
0.05073246831653772,0.0002967511034672411,0.0005019090138566726,3
0.05206753327223608,3.614507803213641e-05,0.0004877313902936964,3
0.053402598227934445,-0.00010128944919361752,0.0005197278612265824,3
0.05473766318363281,-0.00015168620222537438,0.0006243825028818766,3
0.05607272813933117,-0.00010951028718158457,0.0006483484264597508,3
0.057407793095029525,2.848394268225428e-05,0.0005847326257183461,3
0.05874285805072789,0.00012528614398742849,0.0003959123171445262,3
0.060077923006426254,0.00016765026424573695,0.00013984120490989074,3
0.06141298796212461,0.0002766034628965761,0.0003921999055189416,3
0.06274805291782297,0.0005532725680572892,0.0005059431527121719,3
0.06408311787352133,0.0007492664285846709,0.000722761109150863,3
0.0654181828292197,0.0006709681460898999,0.0007526176567241172,3
0.06675324778491806,0.0005894615790472787,0.0007726428907929621,3
0.06808831274061641,0.0004777437611412371,0.0004767780465123652,3
0.06942337769631478,0.0003593253143855917,0.00026861149866964326,3
0.07075844265201314,0.00013808772001469617,0.00023139402880961713,3
0.0720935076077115,-8.314987435619694e-05,0.00019944919384006166,3
0.07342857256340986,-0.0001583518175289142,0.0004388599286899823,3
0.07476363751910822,-0.0002324712376461011,0.0009586881553289865,3
0.07609870247480659,-0.0002556211633553235,0.00044278741561737714,3
0.07743376743050495,-0.00027462134769571143,0.0006322622104179398,3
0.0787688323862033,4.843228383344801e-05,0.00033978063067936423,3
0.08010389734190167,0.00046418936522075956,0.00020952205845156452,3
0.08143896229760003,0.0005847443118622804,0.0001192453647392023,3
0.08277402725329838,0.0005768359840009935,0.00033722122445326193,3
0.08410909220899675,0.0007116696179188257,0.00032521967300025526,3
0.08544415716469511,0.0009443032326653546,7.673110019542927e-05,3
0.08677922212039348,0.0007539634203961709,0.0002959601927128517,3
0.08811428707609184,0.00020036859356929956,0.0007151814077589795,3
0.08944935203179019,4.276201094131118e-05,0.0008136334555275926,3
0.09078441698748856,0.0003721961403367765,0.0005568087986560621,3
0.09211948194318692,0.0007041386062170664,0.00037906306130780254,3
0.09345454689888527,0.0010376916787961392,0.00016075823604356856,3
0.09478961185458364,0.0014473716999952424,0.00010237171298064742,3
0.096124676810282,0.0020617590401211475,0.00015322036023551988,3
0.09745974176598036,0.0028349363697836214,0.00026682801009540356,3
0.09879480672167873,0.004301426977877451,0.00031220985135293886,3
0.10012987167737708,0.005774453911662672,0.00044185140131562537,3
0.10146493663307544,0.007276292433489648,4.823696399861423e-05,3
0.10280000158877381,0.008775319455296873,0.0003833520907843634,3
0.10413506654447216,0.010387473974688024,0.00041886769132041954,3
0.10547013150017052,0.012000139831419523,0.0004972443919949363,3
0.10680519645586889,0.013222647733010537,0.0005342179126238308,3
0.10814026141156725,0.014416418850988372,0.0005777862811720847,3
0.10947532636726562,0.01570069929695742,0.00048474572082705085,3
0.11081039132296397,0.01700423543848257,0.00042720144651424115,3
0.11214545627866233,0.018405011658383624,0.00038723958974633743,3
0.1134805212343607,0.01983405351286849,0.0003363979836932036,3
0.11481558619005905,0.021132681537723314,0.0002915980810270268,3
0.11615065114575741,0.02236687307544241,0.0003035635715398069,3
0.11748571610145578,0.023701542020313656,0.0001116401825311291,3
0.11882078105715414,0.02512935057620402,0.00046251948252299616,3
0.12015584601285251,0.026505857450915302,0.00047534493006185587,3
0.12149091096855086,0.02783305751695735,0.00013772005667815948,3
0.12282597592424922,0.029030882748265804,0.0003479301094207932,3
0.12416104087994759,0.030051387760582072,0.0004850384864165351,3
0.12549610583564594,0.03106575746724874,0.0006526158664772383,3
0.12683117079134432,0.03207066405725073,0.0008788914514777155,3
0.12816623574704267,0.032999163434755445,0.0010253256850598768,3
0.12950130070274102,0.033690273868407526,0.0008911526579529718,3
0.1308363656584394,0.03441992113878634,0.0007475420813634652,3
0.13217143061413775,0.03536972082552021,0.00038291378815456887,3
0.13350649556983613,0.036337128860224825,3.285813678800206e-05,3
0.13484156052553448,0.03753589456698169,0.00027760573754928396,3
0.13617662548123283,0.03873466027373856,0.0005669454497277631,3
0.1375116904369312,0.03999164523774755,0.0004847887460764289,3
0.13884675539262956,0.0412479337979467,0.0004013458242027023,3
0.1401818203483279,0.04221656300459267,0.00019605920299302205,3
0.14151688530402629,0.04315311478377624,0.000505268383668476,3
0.14285195025972464,0.04418611885135701,0.0006202608364360594,3
0.144187015215423,0.045247745677363505,0.0006693904407423985,3
0.14552208017112137,0.04612767321551281,0.0006404714303471903,3
0.14685714512681972,0.04693818936523594,0.0006162833444794327,3
0.1481922100825181,0.04752098890625261,0.0006317723790088591,3
0.14952727503821645,0.04797841188342489,0.0006678814737710779,3
0.1508623399939148,0.04880304884063927,0.0005817033304112223,3
0.15219740494961317,0.04992262512198315,0.0003881381241567488,3
0.15353246990531152,0.050900790835047095,0.0003408204941622448,3
0.1548675348610099,0.05172243567230456,0.0004502255380212866,3
0.15620259981670825,0.052590267590867545,0.0005298849284911065,3
0.1575376647724066,0.05352353412366676,0.0006261917741790198,3
0.15887272972810498,0.0543815207268967,0.0006223823161433201,3
0.16020779468380333,0.05506886242435358,0.00031298235446740644,3
0.16154285963950168,0.055830684304518596,0.0002691543522441924,3
0.16287792459520006,0.05686395351109979,0.0004996360042017622,3
0.1642129895508984,0.05784689753606436,0.0007006887170507101,3
0.16554805450659676,0.05849059837909857,0.000726260603775019,3
0.16688311946229514,0.05914493698829887,0.0007638599777990976,3
0.1682181844179935,0.06000186417686265,0.00032274471261491827,3
0.16955324937369187,0.060858791365426435,0.00014404536275273088,3
0.17088831432939022,0.06146267294327726,9.019317181054272e-05,3
0.17222337928508857,0.06205988408984169,0.0002956438915544991,3
0.17355844424078695,0.06298779625398482,0.00012166845356982933,3
0.1748935091964853,0.06396419317385273,0.0003006110187923843,3
0.17622857415218368,0.06454478553219538,5.8045276354764746e-05,3
0.17756363910788203,0.06503145112917566,0.0003154186650903141,3
0.17889870406358038,0.06579199759421946,0.0004706647079214193,3
0.18023376901927876,0.06666378210480085,0.0005802077749959898,3
0.1815688339749771,0.06749846647609743,0.0004572206101006083,3
0.18290389893067546,0.06830929536909669,0.0003101483805882343,3
0.18423896388637384,0.06888062734263824,0.0003882026400176417,3
0.1855740288420722,0.06924812508715311,0.0004555361687617521,3
0.18690909379777054,0.06983514255126726,0.0004224730282842167,3
0.18824415875346892,0.07068040529925407,0.0004497698076226584,3
0.18957922370916727,0.07145917501909425,0.0004596317273674442,3
0.19091428866486565,0.07213377075396897,0.00015063508687214,3
0.192249353620564,0.07277512334000281,0.00010862665514167963,3
0.19358441857626235,0.07334442295230748,0.00026223417368856486,3
0.19491948353196073,0.07397482596530695,0.00042017405936761856,3
0.19625454848765908,0.07484656321233871,0.0004975934988756976,3
0.19758961344335746,0.07569103453256197,0.0005452361083750028,3
0.1989246783990558,0.07634072151549404,0.0003379151292825086,3
0.20025974335475416,0.0769876004391639,0.00017674400094416662,3
0.20159480831045254,0.07754478057331611,0.0005938278763006801,3
0.2029298732661509,0.07810196070746832,0.0010109169283602124,3
0.20426493822184924,0.0785661065276103,0.0009608020547657098,3
0.20560000317754762,0.0790253763749378,0.000926113545031795,3
0.20693506813324597,0.07929378370567042,0.0007210325349432979,3
0.20827013308894432,0.07953433226671792,0.0004922324498700052,3
0.2096051980446427,0.08046672896430267,0.0004057731328988815,3
0.21094026300034105,0.08159282653241999,0.0003575705763824312,3
0.21227532795603943,0.08238999727430214,0.00031592096768289174,3
0.21361039291173778,0.08304774241823717,0.0004287793757530254,3
0.21494545786743613,0.08372451840987212,0.00047303014405157697,3
0.2162805228231345,0.08441426762110242,0.0004307788525616168,3
0.21761558777883286,0.08499631115327866,0.00038454882429570604,3
0.21895065273453124,0.08548073246466083,0.0005008887167528862,3
0.2202857176902296,0.0858376377684581,0.000561576442463876,3
0.22162078264592794,0.0860390893497013,0.00043304581574136564,3
0.22295584760162632,0.0863971209930315,0.00034830851763744205,3
0.22429091255732467,0.08700983293570014,0.0003288568176098246,3
0.22562597751302302,0.08761490537401874,0.00027164731978507854,3
0.2269610424687214,0.08820107151153782,9.936233901372711e-05,3
0.22829610742441975,0.08877215620467101,0.00014159193132308887,3
0.2296311723801181,0.08928921381353234,0.0002539604489693874,3
0.23096623733581648,0.08983369727001243,0.0004823850412220981,3
0.23230130229151483,0.09057322627362875,0.00024859066390276304,3
0.2336363672472132,0.09131361183560827,0.0002710485046667069,3
0.23497143220291156,0.09193421559924765,0.00040724123981635804,3
0.2363064971586099,0.09255481936288708,0.0007142459010446981,3
0.23764156211430829,0.09273978750657512,0.0007217289169746199,3
0.23897662707000664,0.09290079222868146,0.0007232807912674662,3
0.24031169202570501,0.09360616079604972,0.0007541295028920693,3
0.24164675698140337,0.09439808755844951,0.0007924805986925297,3
0.24298182193710172,0.09471997331716013,0.0006937820737652809,3
0.2443168868928001,0.09491157047993319,0.000597257045572004,3
0.24565195184849845,0.0954690567402524,0.00044788420676095575,3
0.2469870168041968,0.09618671932623186,0.0004145454255707599,3
0.24832208175989517,0.09687917677219397,0.00023781771852266178,3
0.24965714671559353,0.09756291498459213,0.00023678775653847775,3
0.2509922116712919,0.09815465108438175,0.0002974394071632837,3
0.2523272766269902,0.09866402125248559,0.00027528159983460126,3
0.25366234158268863,0.09926787225327686,0.0003914342295074614,3
0.254997406538387,0.09998443555316405,0.0005449533263045713,3
0.25633247149408533,0.10047290687622523,0.0007511205469314189,3
0.2576675364497837,0.10054076822843587,0.0008888906067014204,3
0.25900260140548204,0.10072912006367864,0.0009767643842863026,3
0.26033766636118044,0.10123291919608628,0.0009664281708364883,3
0.2616727313168788,0.101693757950361,0.0009580579039786678,3
0.26300779627257714,0.1020020841006618,0.0007831537930775739,3
0.2643428612282755,0.10235590109468579,0.0006774471815778684,3
0.26567792618397384,0.10307075747816934,0.00026795471315472775,3
0.26701299113967225,0.10377092556354099,0.00031654178597130853,3
0.2683480560953706,0.1042326275037398,0.00031445807275174044,3
0.26968312105106895,0.10469432944393858,0.0005326646583525119,3
0.2710181860067673,0.10522069168972377,0.0006159789536282809,3
0.27235325096246565,0.10575032038285316,0.0006910041159121534,3
0.273688315918164,0.10626287312065404,0.0008239941267986201,3
0.2750233808738624,0.10677355912810067,0.000994709091422035,3
0.27635844582956076,0.10716868259442909,0.0010174190445827673,3
0.2776935107852591,0.10753119713360175,0.0010467895056985846,3
0.27902857574095746,0.10783436041834332,0.0007914179330310538,3
0.2803636406966558,0.1081191694805745,0.00043922119117308675,3
0.2816987056523542,0.10836163776746306,0.0003324669784561783,3
0.28303377060805257,0.10857493764789743,0.0003259981385792922,3
0.2843688355637509,0.10912813851948804,0.000299592031262219,3
0.28570390051944927,0.10998707389621304,0.0005230385778808758,3
0.2870389654751476,0.11062458002996511,0.000599579655352604,3
0.288374030430846,0.11097559092783088,0.0003836869058675522,3
0.2897090953865444,0.11142504717587969,0.000421384564445483,3
0.29104416034224273,0.11204352328035681,0.0008168861723105748,3
0.2923792252979411,0.11262983463946818,0.0011262304215171328,3
0.29371429025363943,0.11313028749570804,0.0011585029171644458,3
0.2950493552093378,0.11358272731800267,0.0011171423172158153,3
0.2963844201650362,0.1138570980393206,0.0007604500826139209,3
0.29771948512073454,0.11413857192908321,0.00044882288315062623,3
0.2990545500764329,0.11444741735304324,0.000484007272096879,3
0.30038961503213124,0.11476088296615654,0.0005431241834720966,3
0.3017246799878296,0.11522130042246405,0.0005085801828861587,3
0.303059744943528,0.11568171787877159,0.00047494666169045353,3
0.30439480989922635,0.11604129196243673,0.0003883147776288352,3
0.3057298748549247,0.11639612756491197,0.0004589364092344287,3
0.30706493981062305,0.11692413844587725,0.00034130460736592737,3
0.3084000047663214,0.11748208647381254,0.0004141898144341705,3
0.3097350697220198,0.11811714277385511,0.0005260082864026508,3
0.31107013467771816,0.11877060328449308,0.0006651993682390084,3
0.3124051996334165,0.11919711886709526,0.000683764713439356,3
0.31374026458911486,0.11952272491293418,0.0006691177102346444,3
0.3150753295448132,0.11974375298259587,0.0007027604421360426,3
0.31641039450051156,0.11990088349890271,0.0007736528112487098,3
0.31774545945620997,0.12015410002827838,0.0007337367560517463,3
0.3190805244119083,0.12049501850495865,0.0006723140481846744,3
0.32041558936760667,0.12089930967168168,0.0006878974099772293,3
0.321750654323305,0.12138072526505213,0.000673643937712592,3
0.32308571927900337,0.12178429813322689,0.0005442519732242645,3
0.3244207842347018,0.1220462712211356,0.00025415521792216317,3
0.3257558491904001,0.12246737819251617,0.0003746710319501558,3
0.3270909141460985,0.12327205089210574,0.0006785749453982117,3
0.3284259791017968,0.1239516849402613,0.0009602260193500114,3
0.3297610440574952,0.12412939298932162,0.0010230225988451657,3
0.33109610901319353,0.1243331929152649,0.0011054315444528823,3
0.33243117396889194,0.12472680001052827,0.0011151043017025143,3
0.3337662389245903,0.12511633253419688,0.0011328000230822098,3
0.33510130388028864,0.12539710110849853,0.0010185368720284965,3
0.336436368835987,0.12567786968280018,0.00100954479041576,3
0.33777143379168534,0.12626075197040856,0.0005736582248044153,3
0.33910649874738374,0.12685977570235044,0.0004779522169624351,3
0.3404415637030821,0.12713953223357274,0.00023000913686277728,3
0.34177662865878045,0.12736798427279258,0.0003061061275053862,3
0.3431116936144788,0.12771822146517367,0.0003528631080228681,3
0.34444675857017715,0.1281009086981817,0.00035085685969393554,3
0.34578182352587555,0.12854858460156016,0.0005576124293932748,3
0.3471168884815739,0.1290243685610369,0.0008832979642871276,3
0.34845195343727225,0.12921609606198298,0.0009591985638797569,3
0.3497870183929706,0.12923811752902017,0.0008833871459822934,3
0.35112208334866896,0.12951455333850323,0.0009507089507124223,3
0.35245714830436736,0.13000920218873377,0.001139292574061293,3
0.3537922132600657,0.13040955151181471,0.0011376121798942378,3
0.35512727821576406,0.13069961851747844,0.0009288811038470403,3
0.3564623431714624,0.1310482614725195,0.0007432204067325544,3
0.35779740812716077,0.1314969437462237,0.0005692019564736679,3
0.3591324730828591,0.1318933874830905,0.0004932701570582285,3
0.3604675380385575,0.13216162193166905,0.0005661720808272988,3
0.3618026029942559,0.13252273811180593,0.0006962915930713806,3
0.3631376679499542,0.13323441893685858,0.000927015416430126,3
0.3644727329056526,0.133867925900492,0.0011547257132090794,3
0.3658077978613509,0.13393687533001655,0.0009753934441484586,3
0.36714286281704933,0.13401284438487482,0.0008413105856362426,3
0.3684779277727477,0.1343542753056474,0.0007350967562713111,3
0.36981299272844603,0.13469570622642002,0.0006315230568939655,3
0.3711480576841444,0.13492116784545452,0.0008668241475015664,3
0.37248312263984273,0.13514074068641704,0.0011517949196717327,3
0.3738181875955411,0.13557801908337788,0.0010332338084594024,3
0.3751532525512395,0.1360493035521246,0.0008506994708791978,3
0.37648831750693784,0.1364089286431174,0.0005068579393543285,3
0.3778233824626362,0.13673841986411425,0.00015452704624513005,3
0.37915844741833454,0.1370670015688383,0.0002734215678507452,3
0.3804935123740329,0.13739544885157762,0.0005094707478197571,3
0.3818285773297313,0.13777564446386809,0.0006954009964790453,3
0.38316364228542965,0.138188234467964,0.0008539926704132718,3
0.384498707241128,0.13856131279329528,0.0008770358335286271,3
0.38583377219682635,0.1389026328629337,0.000781032082373714,3
0.3871688371525247,0.13919829419182958,0.0007686459718807643,3
0.3885039021082231,0.13945104802458066,0.0009413657952280936,3
0.38983896706392146,0.1396998918663032,0.0010319514039161517,3
0.3911740320196198,0.13994830375007283,0.0008733113903698022,3
0.39250909697531816,0.14020246600374506,0.000727038534002752,3
0.3938441619310165,0.14047046244761618,0.0006138642605418117,3
0.3951792268867149,0.14071588176973807,0.0005425091677301222,3
0.39651429184241327,0.14087785311534992,0.0005950614932118973,3
0.3978493567981116,0.1410979247402077,0.0006348873005022386,3
0.39918442175380997,0.14169117081966487,0.0005611464211184573,3
0.4005194867095083,0.1422712957523491,0.0005486445992571103,3
0.40185455166520667,0.14255013430935268,0.0006659961658004282,3
0.4031896166209051,0.14282897286635624,0.0007869005734577208,3
0.40452468157660343,0.14330513276899504,0.0008671399608436102,3
0.4058597465323018,0.14378996577233344,0.0009897625770664243,3
0.40719481148800013,0.14388634375998088,0.0008896395806291356,3
0.4085298764436985,0.14393098773814061,0.0007687029829168718,3
0.4098649413993969,0.14421329924172274,0.0006853378384219479,3
0.41120000635509524,0.1445560477737726,0.0006080619170010158,3
0.4125350713107936,0.14482547194278592,0.0005467312736645255,3
0.41387013626649194,0.14506530274450039,0.0005070414320075,3
0.4152052012221903,0.14543133482902612,0.00044130422970196096,3
0.41654026617788864,0.14586924701796092,0.0004166169789783051,3
0.41787533113358705,0.14631573214449753,0.00039863135573351625,3
0.4192103960892854,0.14677065587510738,0.0003388692815675228,3
0.42054546104498375,0.1472063249304629,0.00036695530009761893,3
0.4218805260006821,0.14762275040300465,0.0004960455107478047,3
0.42321559095638045,0.14794861561131775,0.0006936234167291791,3
0.42455065591207886,0.14813231594313866,0.0009955392573810715,3
0.4258857208677772,0.14825159325749027,0.0011565607707889139,3
0.42722078582347556,0.14823272361669965,0.00098158450284347,3
0.4285558507791739,0.14832777711950765,0.0008042662611987304,3
0.42989091573487226,0.14881328463942053,0.0006257637111598929,3
0.43122598069057066,0.14923656544709105,0.0005104056331453315,3
0.432561045646269,0.14929526567130788,0.0006222268970714174,3
0.43389611060196737,0.14937466752785303,0.0007184899587349588,3
0.4352311755576657,0.1499272637762494,0.0004395109305612774,3
0.43656624051336407,0.1504798600246458,0.00034311530452053673,3
0.4379013054690625,0.15078657983665553,0.00044902896637100326,3
0.4392363704247608,0.15108766242151178,0.0005765389226077876,3
0.4405714353804592,0.15151488470251942,0.000749507438782701,3
0.4419065003361575,0.15195520153797723,0.000994078917440167,3
0.4432415652918559,0.15231801349447502,0.0009938765855978535,3
0.4445766302475542,0.152664476914164,0.0009369838815723119,3
0.44591169520325263,0.15282057575118554,0.0007573718891671502,3
0.447246760158951,0.15290715013292677,0.0007696106770463937,3
0.44858182511464934,0.15294641445304855,0.0005949115645157934,3
0.4499168900703477,0.15295822173547013,0.0005581187934558144,3
0.45125195502604604,0.1532818292179521,0.0006634400032379578,3
0.45258701998174444,0.15384983256591436,0.0006421955472987751,3
0.4539220849374428,0.15430526133623854,0.0007100492610890419,3
0.45525714989314114,0.1546362530265041,0.0008462532414262315,3
0.4565922148488395,0.1550066130210762,0.0008710650504164913,3
0.45792727980453785,0.1554454667384774,0.0007165817776689213,3
0.4592623447602362,0.15579719713837437,0.0006564746600284391,3
0.4605974097159346,0.15596055396312072,0.0009739432835533615,3
0.46193247467163295,0.156179454377445,0.001256053474324523,3
0.4632675396273313,0.15658091649988556,0.0010621776588772244,3
0.46460260458302965,0.15696380113215222,0.0009587242061440732,3
0.465937669538728,0.15720342377940322,0.0009378689872545046,3
0.4672727344944264,0.15742861794107602,0.000974624710989258,3
0.46860779945012476,0.15741707417211104,0.0007608131115641677,3
0.4699428644058231,0.1574055304031461,0.0005552363427383143,3
0.47127792936152146,0.15788842157454963,0.000541855075867765,3
0.4726129943172198,0.15837962515573922,0.0005819938435423984,3
0.4739480592729182,0.15877259416738718,0.0004680822959326279,3
0.47528312422861657,0.15915397623796793,0.0003347567495151117,3
0.4766181891843149,0.15964661701143093,0.0002624094379791457,3
0.4779532541400133,0.16016435102875545,0.0002798978800329747,3
0.4792883190957116,0.16017838772726822,0.000393824282473794,3
0.48062338405141003,0.16001906076263991,0.0005665797724335423,3
0.4819584490071084,0.16024917446282552,0.0007521844683396723,3
0.48329351396280673,0.16068010376147404,0.0009302818010273351,3
0.4846285789185051,0.1609343668319838,0.0009453881354094562,3
0.48596364387420343,0.16105103300953053,0.0008529169791708042,3
0.4872987088299018,0.16128740325319096,0.0007711493529980093,3
0.4886337737856002,0.16164802054471114,0.0006823395458743011,3
0.48996883874129854,0.16196143898412219,0.0005072272689378189,3
0.4913039036969969,0.1622047261607097,0.0004276213056774141,3
0.49263896865269524,0.16258768491982467,0.0005548323733694331,3
0.4939740336083936,0.16323998951048438,0.0005036757192594822,3
0.495309098564092,0.16377170121712895,0.0005648192455932616,3
0.49664416351979035,0.16393074865932433,0.0006706878095127043,3
0.4979792284754887,0.16415601389386592,0.0007366005544870522,3
0.49931429343118705,0.16471009510414172,0.0005951109556938878,3
0.5006493583868854,0.16523822985305173,0.0004841400927640375,3
0.5019844233425838,0.16545618376571067,0.0006094693819240424,3
0.5033194882982821,0.1656743054718798,0.0007589722206118723,3
0.5046545532539805,0.16590136320372612,0.0006763840248944423,3
0.5059896182096789,0.1661298326119889,0.0007152043720157239,3
0.5073246831653773,0.16647433602293998,0.0006506697537467481,3
0.5086597481210756,0.16683219636849014,0.0006118893864340913,3
0.509994813076774,0.16705346891709358,0.0005370359255226667,3
0.5113298780324723,0.16724595729330408,0.00044854397793786906,3
0.5126649429881707,0.16773454707720659,0.0003652483377223648,3
0.514000007943869,0.1683224477590831,0.0002980693086757158,3
0.5153350728995674,0.1686228701952567,0.00048204416845041073,3
0.5166701378552657,0.16878444767879267,0.0007783467095106379,3
0.5180052028109641,0.16918238186472956,0.0007581832702192466,3
0.5193402677666624,0.1697494674637511,0.0005909347298371503,3
0.5206753327223609,0.16999980216925983,0.0005276029125649658,3
0.5220103976780592,0.16992456297585104,0.000474201529145081,3
0.5233454626337576,0.17021162305457926,0.0005702900231301138,3
0.5246805275894559,0.17100409283487597,0.0008506743679388784,3
0.5260155925451543,0.1716072442404558,0.0010021553496546364,3
0.5273506575008526,0.17182554542279574,0.0009022165295919157,3
0.528685722456551,0.17215773327654582,0.0007613628508402001,3
0.5300207874122493,0.1728284514399835,0.00043548965127278386,3
0.5313558523679477,0.17345472224085445,0.00024003066230155108,3
0.532690917323646,0.17386399071786562,0.0004914809964718461,3
0.5340259822793445,0.17427372163750743,0.0007256172360001508,3
0.5353610472350429,0.17469158167502574,0.0007108623609585481,3
0.5366961121907412,0.17510831943564273,0.0007325779711853348,3
0.5380311771464396,0.1753187348422528,0.0005871091918555709,3
0.5393662421021379,0.17552915024886287,0.0006218476694418435,3
0.5407013070578363,0.17581444509831154,0.0006955850785721478,3
0.5420363720135346,0.17610592685391332,0.0007880415422983361,3
0.543371436969233,0.1767783446141773,0.0005216938989598297,3
0.5447065019249313,0.17752188221155038,0.00025501908554712114,3
0.5460415668806297,0.17780033099132977,0.0004733969532905087,3
0.547376631836328,0.17793672094766264,0.0009106310500252543,3
0.5487116967920265,0.17846398648978967,0.0007730222737223658,3
0.5500467617477248,0.17917545527827863,0.00039957496419837824,3
0.5513818267034232,0.17969798174675208,0.0005254401077659901,3
0.5527168916591215,0.18009045497921572,0.0010166964392217665,3
0.5540519566148199,0.1806913678441688,0.001190367735471854,3
0.5553870215705182,0.18148025988421726,0.0010610876030428898,3
0.5567220865262166,0.1819026576850368,0.0008967099377380363,3
0.5580571514819149,0.18184202694759166,0.0006825639784947967,3
0.5593922164376133,0.18188129639171355,0.0005270498778884228,3
0.5607272813933116,0.18211157536376155,0.000591377779078801,3
0.56206234634901,0.18243873301817548,0.0007043209535405355,3
0.5633974113047084,0.18301313453903537,0.0006676811683800644,3
0.5647324762604068,0.18358035840347706,0.0006246987477631278,3
0.5660675412161051,0.18411004369424944,0.0004032891794213431,3
0.5674026061718035,0.18468142092066672,0.00024820695188243556,3
0.5687376711275018,0.18556023489627507,0.000540250962476968,3
0.5700727360832002,0.18642399442702737,0.0008753314542151267,3
0.5714078010388985,0.18678648861677236,0.0009744998272497051,3
0.5727428659945969,0.18714898280651737,0.0010740274910968166,3
0.5740779309502952,0.1877447191580738,0.001054828585055902,3
0.5754129959059936,0.18835642224242075,0.0010379849468813633,3
0.576748060861692,0.188702752519041,0.000921441435779499,3
0.5780831258173904,0.18900710779933647,0.0009355480247369687,3
0.5794181907730888,0.18941030128873113,0.0009764157149265278,3
0.5807532557287871,0.18984423028624356,0.0011569602662167716,3
0.5820883206844855,0.19041078036433723,0.001080133002695654,3
0.5834233856401838,0.1910366639076134,0.0008673136156869316,3
0.5847584505958822,0.19161745677424624,0.0008316515641484142,3
0.5860935155515805,0.19216621301954215,0.0009008417034151057,3
0.5874285805072789,0.19273542848222933,0.0008893486598503791,3
0.5887636454629772,0.1933203686683871,0.0008095754264727148,3
0.5900987104186756,0.1939383733655843,0.0007474957066167102,3
0.591433775374374,0.1945973396330847,0.0007329393867456421,3
0.5927688403300724,0.1951845064965633,0.0008776136398842993,3
0.5941039052857707,0.19563743373596623,0.001252986274638584,3
0.5954389702414691,0.1960835514157816,0.001445763414402371,3
0.5967740351971674,0.19651798062191636,0.001144648281117066,3
0.5981091001528658,0.19699787477950867,0.0008681055159673086,3
0.5994441651085641,0.19766843853627467,0.0006888872262949658,3
0.6007792300642625,0.1983457564156963,0.0005104902217699674,3
0.6021142950199608,0.19906638489804176,0.000268394175298058,3
0.6034493599756592,0.19977796401434578,0.00022418161361994202,3
0.6047844249313575,0.20028873065164587,0.00031523196469045617,3
0.606119489887056,0.20079949728894597,0.0005851244537485629,3
0.6074545548427543,0.20180677775235964,0.0008185617497443998,3
0.6087896197984527,0.2028438102860074,0.0010645450502166365,3
0.610124684754151,0.20341244259978097,0.000867245302788168,3
0.6114597497098494,0.20391263447337427,0.0006057453578946352,3
0.6127948146655477,0.20444890276899222,0.0006756261769883857,3
0.6141298796212461,0.20499527995213804,0.0008410794027232363,3
0.6154649445769445,0.20559168567208588,0.0008729615997996383,3
0.6168000095326428,0.2062096965785264,0.00084897435755606,3
0.6181350744883412,0.20678208135149564,0.0007565966458276552,3
0.6194701394440396,0.20732704166157778,0.0007036560912753398,3
0.620805204399738,0.2080765980650838,0.0006077825731482174,3
0.6221402693554363,0.20900100411881162,0.00042439640150456127,3
0.6234753343111347,0.20978620199146525,0.0003872610763042082,3
0.624810399266833,0.21039717716737372,0.0005053222327207415,3
0.6261454642225314,0.2111835734542807,0.0006675148852136043,3
0.6274805291782297,0.2122635689081794,0.0008608098440375382,3
0.6288155941339281,0.21317208468851243,0.001003981837462802,3
0.6301506590896264,0.21366574144538028,0.001057000023752629,3
0.6314857240453248,0.21417647570207368,0.001118321034367757,3
0.6328207890010231,0.2147455027776646,0.0010702755521386578,3
0.6341558539567216,0.21536681886411002,0.0010898271050109112,3
0.6354909189124199,0.21639002671956198,0.0009994093127336,3
0.6368259838681183,0.21740211108968444,0.0012272271061816533,3
0.6381610488238166,0.2181285206230094,0.0008814700666304703,3
0.639496113779515,0.21885493015633437,0.0005453588786105997,3
0.6408311787352133,0.2198721869340793,0.0004946537451793095,3
0.6421662436909117,0.22089939322285657,0.0005408778916049776,3
0.64350130864661,0.22186803961321885,0.0005836122869185372,3
0.6448363736023084,0.22282957986199958,0.0006206707592104926,3
0.6461714385580067,0.22396890017685925,0.0008497306556620777,3
0.6475065035137051,0.22515268902587246,0.0011365263629492756,3
0.6488415684694036,0.22624639224709311,0.0011012253577450846,3
0.6501766334251019,0.22730642770630635,0.0009431306935596044,3
0.6515116983808003,0.22849169435007854,0.0010272266622471853,3
0.6528467633364986,0.22974790447537433,0.0012472441960177545,3
0.654181828292197,0.23089035531260094,0.0012135314035880767,3
0.6555168932478953,0.2319451844249616,0.0009837219654516604,3
0.6568519582035937,0.2332964062879237,0.0008050068665653933,3
0.658187023159292,0.2349863450286893,0.0007142542324133947,3
0.6595220881149904,0.23645081380419505,0.0006238653684095042,3
0.6608571530706887,0.23756503300349738,0.0004774468755461965,3
0.6621922180263871,0.23894317450043437,0.00041450744351659454,3
0.6635272829820855,0.24091259575864174,0.0005411218717410705,3
0.6648623479377839,0.24276659582774437,0.0006501375397129882,3
0.6661974128934822,0.24422632292841862,0.0006435675444620653,3
0.6675324778491806,0.24574029853155624,0.0006338136943556978,3
0.6688675428048789,0.247570165689975,0.0005971456965150444,3
0.6702026077605773,0.24939296290821247,0.0005614933659808108,3
0.6715376727162756,0.2511043570547073,0.0004739908396126352,3
0.672872737671974,0.25281575120120214,0.0004477216817003368,3
0.6742078026276723,0.2551645492370211,0.00044527653050898454,3
0.6755428675833707,0.25752166540948646,0.0005052048404656367,3
0.6768779325390691,0.25992721787189305,0.00042254713544914854,3
0.6782129974947675,0.2623365088977103,0.00042197673663658963,3
0.6795480624504658,0.2648277288651233,0.0005353590593885327,3
0.6808831274061642,0.26733882777425716,0.0006669481679403867,3
0.6822181923618625,0.2703120570066327,0.0006613676350044169,3
0.6835532573175609,0.2734509244570439,0.0006868567213753683,3
0.6848883222732592,0.2769182350408886,0.000807235509604183,3
0.6862233872289576,0.2805579081346492,0.0010786554421540378,3
0.6875584521846559,0.2843141554641424,0.001295615906711898,3
0.6888935171403543,0.28815603085644165,0.0014294404502732281,3
0.6902285820960526,0.292234423702687,0.0015221550773421271,3
0.6915636470517511,0.2965708508460629,0.0015649665810137292,3
0.6928987120074495,0.3013069835001713,0.0016430532724791339,3
0.6942337769631478,0.30664350168863974,0.0018100002626862746,3
0.6955688419188462,0.31226691107551485,0.001947376766189029,3
0.6969039068745445,0.3184932641669158,0.001990009426290218,3
0.6982389718302429,0.324949258328966,0.002167116759996559,3
0.6995740367859412,0.3321724189024025,0.002719755456203452,3
0.7009091017416396,0.3396172878334385,0.0031989698214925787,3
0.7022441666973379,0.3482993018153086,0.0032619023334889952,3
0.7035792316530363,0.35710190065927333,0.0033384139883771086,3
0.7049142966087347,0.3673648893350869,0.0031247030236471055,3
0.7062493615644331,0.37763607019539913,0.0029168070225387916,3
0.7075844265201314,0.3891129759561535,0.0028598198070465806,3
0.7089194914758298,0.4005992899542745,0.00279655780032694,3
0.7102545564315281,0.41296462769215436,0.002729484426185857,3
0.7115896213872265,0.4254096475277966,0.002673770252685895,3
0.7129246863429248,0.4392704187726064,0.0028483316002584384,3
0.7142597512986232,0.45342810433539754,0.0030737571320873895,3
0.7155948162543215,0.4690286102183215,0.0031878398523021772,3
0.7169298812100199,0.485101038621967,0.0032619279110260883,3
0.7182649461657182,0.5025253697558693,0.003535391507553782,3
0.7196000111214167,0.5206266589728855,0.003932713018990343,3
0.720935076077115,0.5395601547047756,0.004101626001787887,3
0.7222701410328134,0.5590670457088618,0.004103809454042023,3
0.7236052059885117,0.5798585392912902,0.0043471892348913,3
0.7249402709442101,0.6019521082403019,0.004841845538215606,3
0.7262753358999084,0.6250852902075162,0.005179291902023388,3
0.7276104008556068,0.6496373608798444,0.005276973421883432,3
0.7289454658113051,0.6751534664887426,0.005407774116958867,3
0.7302805307670035,0.702513758133918,0.005578760981308631,3
0.7316155957227019,0.7305706517372755,0.00576405755273568,3
0.7329506606784002,0.7606130865495154,0.005936310016826133,3
0.7342857256340987,0.7911825965024949,0.006082870473047912,3
0.735620790589797,0.8242352335623996,0.006123826269272443,3
0.7369558555454954,0.857569452962161,0.006194228572184408,3
0.7382909205011937,0.893714398622646,0.006578358105908967,3
0.7396259854568921,0.9298938876711925,0.006991059561288735,3
0.7409610504125904,0.9698793979403476,0.007372488920296024,3
0.7422961153682888,1.0098656479752306,0.007757104699441293,3
0.7436311803239871,1.0535437197953177,0.007900702094148889,3
0.7449662452796855,1.097499706018649,0.008045938155360659,3
0.7463013102353838,1.145129717696117,0.008007943007113981,3
0.7476363751910822,1.193391528636311,0.007959376757198294,3
0.7489714401467806,1.2451161937746453,0.00847018683026705,3
0.750306505102479,1.2978876934203603,0.009128513663742168,3
0.7516415700581773,1.35445373813337,0.00946733713341748,3
0.7529766350138757,1.4127616994651337,0.009728205828188941,3
0.754311699969574,1.4743255052033695,0.01007044621884576,3
0.7556467649252724,1.5379820881905173,0.010448134350805558,3
0.7569818298809707,1.604974975393249,0.011009374208619499,3
0.7583168948366691,1.6749710352065021,0.011842598290649141,3
0.7596519597923674,1.7474378859701123,0.01265616298461043,3
0.7609870247480658,1.8229959124050794,0.013346124075845664,3
0.7623220897037642,1.9010650976516288,0.013882810577541977,3
0.7636571546594626,1.9836015168438885,0.014173687824522756,3
0.764992219615161,2.0678709565833993,0.014488682951927635,3
0.7663272845708593,2.1567124116261005,0.015015895613058878,3
0.7676623495265577,2.246665169880972,0.015514023579840113,3
0.768997414482256,2.3411760746713273,0.01606770266607419,3
0.7703324794379544,2.4365639440463034,0.01663858812521009,3
0.7716675443936527,2.5386431208637563,0.01728788603081638,3
0.773002609349351,2.6409150451854106,0.017968726405385906,3
0.7743376743050494,2.7478522331100215,0.01821937585963856,3
0.7756727392607478,2.8547894210346314,0.01847539548264468,3
0.7770078042164462,2.9662937770391085,0.019360777190177703,3
0.7783428691721446,3.077990634370327,0.020252097697416177,3
0.7796779341278429,3.1969788070819374,0.02020844203728068,3
0.7810129990835413,3.317030477616484,0.01999285920293048,3
0.7823480640392396,3.4404652956165336,0.0207962755419345,3
0.783683128994938,3.5647745046840735,0.021891144479275603,3
0.7850181939506363,3.6934245778935373,0.022196886592170884,3
0.7863532589063347,3.823859076222283,0.0221752205148304,3
0.787688323862033,3.9580104639652873,0.02230884903078562,3
0.7890233888177314,4.094326992028912,0.022533751780947606,3
0.7903584537734298,4.2342783102712005,0.02314530092555257,3
0.7916935187291282,4.377196267833999,0.024108108573113577,3
0.7930285836848265,4.523178511358085,0.025167416711669454,3
0.7943636486405249,4.672737850444126,0.02642714214784315,3
0.7956987135962232,4.823492108457,0.02709793021423097,3
0.7970337785519216,4.976104017777186,0.026868611575660166,3
0.7983688435076199,5.049491374776618,0.0278863708726833,3
0.7997039084633183,4.938932929969406,0.02887642029680365,3
